{
    "input_amount": {
        "mean": 2070.0,
        "std": 0.0,
        "quantile_25": 2070.0,
        "quantile_50": 2070.0,
        "quantile_75": 2070.0,
        "min": 2070.0,
        "max": 2070.0
    },
    "final_amount": {
        "mean": 2210.0548664634393,
        "std": 990.8555610413622,
        "quantile_25": 1530.04465076632,
        "quantile_50": 1894.4632508713412,
        "quantile_75": 2853.784180365985,
        "min": 814.3826281710049,
        "max": 5406.759614332198
    },
    "total_yield_amount": {
        "mean": 140.05486646343866,
        "std": 990.8555610413622,
        "quantile_25": -539.95534923368,
        "quantile_50": -175.5367491286587,
        "quantile_75": 783.7841803659851,
        "min": -1255.6173718289951,
        "max": 3336.759614332198
    },
    "total_yield_percent": {
        "mean": -12.187180516738904,
        "std": 46.689219891974005,
        "quantile_25": -35.29679570601721,
        "quantile_50": -9.265983505171222,
        "quantile_75": 27.455653315360024,
        "min": -154.18027452881023,
        "max": 61.71459159173899
    },
    "total_dividends": {
        "mean": 0.0,
        "std": 0.0,
        "quantile_25": 0.0,
        "quantile_50": 0.0,
        "quantile_75": 0.0,
        "min": 0.0,
        "max": 0.0
    },
    "annual_return": {
        "mean": -1.5244545759513692,
        "std": 12.685766240756179,
        "quantile_25": -9.2074889331201,
        "quantile_50": -2.7773319311892863,
        "quantile_75": 7.035209548486277,
        "min": -27.271370795566796,
        "max": 27.327269853491167
    }
}