{"input_amount": {"mean": 4830.0, "std": 0.0, "quantile_25": 4830.0, "quantile_50": 4830.0, "quantile_75": 4830.0, "min": 4830.0, "max": 4830.0}, "final_amount": {"mean": 6095.7189600318325, "std": 1489.5924893101912, "quantile_25": 4973.089278536563, "quantile_50": 5794.154158173244, "quantile_75": 6792.9206464019035, "min": 3524.0358091244334, "max": 10775.884905368044}, "total_yield_amount": {"mean": 1265.71896003183, "std": 1489.5924893101912, "quantile_25": 143.08927853656292, "quantile_50": 964.1541581732431, "quantile_75": 1962.9206464019032, "min": -1305.9641908755666, "max": 5945.884905368044}, "total_yield_percent": {"mean": 16.577021249408798, "std": 18.12822926166866, "quantile_25": 2.876850500369809, "quantile_50": 16.64010298435797, "quantile_75": 28.89645116469571, "min": -37.05876618773748, "max": 55.17769498824251}, "total_dividends": {"mean": 0.0, "std": 0.0, "quantile_25": 0.0, "quantile_50": 0.0, "quantile_75": 0.0, "min": 0.0, "max": 0.0}, "annual_return": {"mean": 6.99342040372114, "std": 7.299571630704676, "quantile_25": 2.3064004207910385, "quantile_50": 6.003163708804193, "quantile_75": 12.108782344791663, "min": -10.613931181443348, "max": 28.32929776144162}}