{"input_amount": {"mean": 1000.0, "std": 0.0, "quantile_25": 1000.0, "quantile_50": 1000.0, "quantile_75": 1000.0, "min": 1000.0, "max": 1000.0}, "final_amount": {"mean": 1252.821700201375, "std": 1327.8646358943702, "quantile_25": 433.4100773064929, "quantile_50": 842.7620776659882, "quantile_75": 1598.252772601065, "min": 58.6420740261236, "max": 8433.823771324194}, "total_yield_amount": {"mean": 252.82170020137502, "std": 1327.8646358943702, "quantile_25": -566.5899226935071, "quantile_50": -157.23792233401184, "quantile_75": 598.2527726010651, "min": -941.3579259738764, "max": 7433.823771324194}, "total_yield_percent": {"mean": -94.0473098795936, "std": 239.73476437574487, "quantile_25": -130.75480357181766, "quantile_50": -18.658399990849304, "quantile_75": 37.43122568084961, "min": -1605.260287271771, "max": 88.14298203147077}, "total_dividends": {"mean": 0.0, "std": 0.0, "quantile_25": 0.0, "quantile_50": 0.0, "quantile_75": 0.0, "min": 0.0, "max": 0.0}, "annual_return": {"mean": -1.6478314698535073, "std": 9.190993764584293, "quantile_25": -7.676407213237784, "quantile_50": -2.2956912877327706, "quantile_75": 4.591024609016559, "min": -25.69849251747379, "max": 23.00207526512923}}