{"input_amount": {"mean": 3870.0, "std": 0.0, "quantile_25": 3870.0, "quantile_50": 3870.0, "quantile_75": 3870.0, "min": 3870.0, "max": 3870.0}, "final_amount": {"mean": 4366.865843163186, "std": 3206.000305976436, "quantile_25": 2343.2452824865304, "quantile_50": 3269.7112289797033, "quantile_75": 4909.044871402188, "min": 1087.2824293757346, "max": 14438.761326978518}, "total_yield_amount": {"mean": 496.8658431631838, "std": 3206.000305976436, "quantile_25": -1526.7547175134696, "quantile_50": -600.288771020297, "quantile_75": 1039.0448714021875, "min": -2782.717570624265, "max": 10568.761326978518}, "total_yield_percent": {"mean": -26.475801801946012, "std": 66.54971236309666, "quantile_25": -65.18281725783699, "quantile_50": -18.364748011400554, "quantile_75": 21.15990157265571, "min": -255.93327873623122, "max": 73.19714681640323}, "total_dividends": {"mean": 0.0, "std": 0.0, "quantile_25": 0.0, "quantile_50": 0.0, "quantile_75": 0.0, "min": 0.0, "max": 0.0}, "annual_return": {"mean": -2.2818915351219946, "std": 9.927610215407949, "quantile_25": -9.515985892925325, "quantile_50": -3.9238837294865214, "quantile_75": 3.3263782366069528, "min": -27.25034950229208, "max": 25.97165355179214}}