{"input_amount": {"mean": 9030.0, "std": 0.0, "quantile_25": 9030.0, "quantile_50": 9030.0, "quantile_75": 9030.0, "min": 9030.0, "max": 9030.0}, "final_amount": {"mean": 14299.046912328608, "std": 3962.249422128661, "quantile_25": 12074.798254947736, "quantile_50": 13360.675970932005, "quantile_75": 16416.685422768005, "min": 4296.08184566635, "max": 27496.384120655344}, "total_yield_amount": {"mean": 5269.046912328607, "std": 3962.249422128661, "quantile_25": 3044.798254947736, "quantile_50": 4330.675970932005, "quantile_75": 7386.685422768006, "min": -4733.91815433365, "max": 18466.384120655344}, "total_yield_percent": {"mean": 31.65427416967874, "std": 22.238826057346095, "quantile_25": 25.21589806566128, "quantile_50": 32.41347872940834, "quantile_75": 44.99360931082951, "min": -110.19152624173036, "max": 67.15931825662618}, "total_dividends": {"mean": 0.0, "std": 0.0, "quantile_25": 0.0, "quantile_50": 0.0, "quantile_75": 0.0, "min": 0.0, "max": 0.0}, "annual_return": {"mean": 7.271874604330434, "std": 4.702493388906416, "quantile_25": 4.874152832548173, "quantile_50": 7.468155817312505, "quantile_75": 10.322788112374159, "min": -13.893195908092714, "max": 18.1377888675877}}