{
    "input_amount": {
        "mean": 12900.0,
        "std": 0.0,
        "quantile_25": 12900.0,
        "quantile_50": 12900.0,
        "quantile_75": 12900.0,
        "min": 12900.0,
        "max": 12900.0
    },
    "final_amount": {
        "mean": 19285.609284006005,
        "std": 6130.332084617451,
        "quantile_25": 15466.626190876295,
        "quantile_50": 17753.30846908781,
        "quantile_75": 22171.070371468883,
        "min": 9039.558279636833,
        "max": 41499.283676451305
    },
    "total_yield_amount": {
        "mean": 6385.609284006008,
        "std": 6130.332084617451,
        "quantile_25": 2566.626190876295,
        "quantile_50": 4853.3084690878095,
        "quantile_75": 9271.070371468883,
        "min": -3860.4417203631674,
        "max": 28599.283676451305
    },
    "total_yield_percent": {
        "mean": 26.64082915536017,
        "std": 22.35017600602012,
        "quantile_25": 16.59454248018092,
        "quantile_50": 27.33748662289218,
        "quantile_75": 41.815802943459914,
        "min": -42.706088073567486,
        "max": 68.91512610054981
    },
    "total_dividends": {
        "mean": 0.0,
        "std": 0.0,
        "quantile_25": 0.0,
        "quantile_50": 0.0,
        "quantile_75": 0.0,
        "min": 0.0,
        "max": 0.0
    },
    "annual_return": {
        "mean": 5.967007518742325,
        "std": 5.129946360062656,
        "quantile_25": 2.691448638708777,
        "quantile_50": 5.676857945932124,
        "quantile_75": 9.580855881626672,
        "min": -4.471597702818963,
        "max": 18.774414880082556
    }
}